{"cameraMode":{"drawMode":0,"name":"Shaded","section":"Shading Mode"},"sceneLighting":true,"audioPlay":false,"sceneViewState":{"showFog":true,"showMaterialUpdate":true,"showSkybox":true,"showFlares":true,"showImageEffects":true,"showParticleSystems":true},"in2DMode":false,"pivot":{"x":2.8044543266296388,"y":1.3428616523742676,"z":0.9195559024810791},"rotation":{"x":-0.10798044502735138,"y":0.836595356464386,"z":-0.1783139854669571,"w":-0.506611168384552},"size":3.6168880462646486,"orthographic":false}