{"cameraMode":{"drawMode":0,"name":"Shaded","section":"Shading Mode"},"sceneLighting":true,"audioPlay":false,"sceneViewState":{"showFog":true,"showMaterialUpdate":true,"showSkybox":true,"showFlares":true,"showImageEffects":true,"showParticleSystems":true},"in2DMode":false,"pivot":{"x":1.9215145111083985,"y":-12.878039360046387,"z":25.74411964416504},"rotation":{"x":0.19058537483215333,"y":-0.26946553587913515,"z":0.054361823946237567,"w":0.9424408078193665},"size":19.808218002319337,"orthographic":false}