{"cameraMode":{"drawMode":0,"name":"Shaded","section":"Shading Mode"},"sceneLighting":false,"audioPlay":false,"sceneViewState":{"showFog":true,"showMaterialUpdate":true,"showSkybox":false,"showFlares":true,"showImageEffects":true,"showParticleSystems":true},"in2DMode":false,"pivot":{"x":-2.9242308139801027,"y":1.5293465852737427,"z":0.03026781976222992},"rotation":{"x":-0.00008268413512269035,"y":0.9986749291419983,"z":-0.051477041095495227,"w":-0.0016262123826891184},"size":1.2181812524795533,"orthographic":false}