{"cameraMode":{"drawMode":0,"name":"Shaded","section":"Shading Mode"},"sceneLighting":true,"audioPlay":false,"sceneViewState":{"showFog":true,"showMaterialUpdate":true,"showSkybox":true,"showFlares":true,"showImageEffects":true,"showParticleSystems":true},"in2DMode":false,"pivot":{"x":9.193557739257813,"y":-4.607273101806641,"z":6.21258020401001},"rotation":{"x":0.4465387165546417,"y":-0.38418078422546389,"z":0.220680832862854,"w":0.7773729562759399},"size":19.902137756347658,"orthographic":false}