{"cameraMode":{"drawMode":0,"name":"Shaded","section":"Shading Mode"},"sceneLighting":false,"audioPlay":false,"sceneViewState":{"showFog":true,"showMaterialUpdate":true,"showSkybox":false,"showFlares":true,"showImageEffects":true,"showParticleSystems":true},"in2DMode":false,"pivot":{"x":-0.0014133453369140626,"y":0.8939193487167358,"z":-0.03226129710674286},"rotation":{"x":0.04119301587343216,"y":0.9571162462234497,"z":-0.17159491777420045,"w":0.22977563738822938},"size":3.6540727615356447,"orthographic":false}