{"cameraMode":{"drawMode":0,"name":"Shaded","section":"Shading Mode"},"sceneLighting":true,"audioPlay":false,"sceneViewState":{"showFog":true,"showMaterialUpdate":true,"showSkybox":true,"showFlares":true,"showImageEffects":true,"showParticleSystems":true},"in2DMode":false,"pivot":{"x":-6.158736228942871,"y":-0.03559303283691406,"z":7.451743125915527},"rotation":{"x":-0.24382610619068147,"y":0.62093186378479,"z":-0.2119920253753662,"w":-0.7141813039779663},"size":21.43865203857422,"orthographic":false}