{"cameraMode":{"drawMode":0,"name":"Shaded","section":"Shading Mode"},"sceneLighting":false,"audioPlay":false,"sceneViewState":{"showFog":true,"showMaterialUpdate":true,"showSkybox":false,"showFlares":true,"showImageEffects":true,"showParticleSystems":true},"in2DMode":false,"pivot":{"x":-0.018933415412902833,"y":0.5589490532875061,"z":0.011689484119415284},"rotation":{"x":0.04119301587343216,"y":0.9571162462234497,"z":-0.17159491777420045,"w":0.22977563738822938},"size":2.2211594581604006,"orthographic":false}