{"cameraMode":{"drawMode":0,"name":"Shaded","section":"Shading Mode"},"sceneLighting":false,"audioPlay":false,"sceneViewState":{"showFog":true,"showMaterialUpdate":true,"showSkybox":false,"showFlares":true,"showImageEffects":true,"showParticleSystems":true},"in2DMode":false,"pivot":{"x":-0.0003204941749572754,"y":0.8724329471588135,"z":-0.04410770535469055},"rotation":{"x":-0.3222830593585968,"y":-0.1411210596561432,"z":0.04865267872810364,"w":-0.9348015189170837},"size":3.600043773651123,"orthographic":false}