{"cameraMode":{"drawMode":0,"name":"Shaded","section":"Shading Mode"},"sceneLighting":false,"audioPlay":false,"sceneViewState":{"showFog":true,"showMaterialUpdate":true,"showSkybox":false,"showFlares":true,"showImageEffects":true,"showParticleSystems":true},"in2DMode":false,"pivot":{"x":-0.04153561592102051,"y":0.7367138862609863,"z":-0.1425379514694214},"rotation":{"x":0.030105937272310258,"y":-0.8744484782218933,"z":-0.054725199937820438,"w":-0.48108431696891787},"size":1.1760401725769044,"orthographic":false}