{"cameraMode":{"drawMode":0,"name":"Shaded","section":"Shading Mode"},"sceneLighting":true,"audioPlay":false,"sceneViewState":{"showFog":true,"showMaterialUpdate":true,"showSkybox":true,"showFlares":true,"showImageEffects":true,"showParticleSystems":true},"in2DMode":false,"pivot":{"x":1.0487384796142579,"y":0.5898928046226502,"z":-56.52748489379883},"rotation":{"x":0.05972101539373398,"y":0.928348183631897,"z":-0.3247394859790802,"w":0.17072661221027375},"size":183.0776824951172,"orthographic":false}