{"cameraMode":{"drawMode":0,"name":"Shaded","section":"Shading Mode"},"sceneLighting":false,"audioPlay":false,"sceneViewState":{"showFog":true,"showMaterialUpdate":true,"showSkybox":false,"showFlares":true,"showImageEffects":true,"showParticleSystems":true},"in2DMode":false,"pivot":{"x":4.019289970397949,"y":0.9558923840522766,"z":1.3138821125030518},"rotation":{"x":0.2001630961894989,"y":-0.4962581992149353,"z":0.11876244843006134,"w":0.8363962769508362},"size":3.8612120151519777,"orthographic":false}