{"cameraMode":{"drawMode":0,"name":"Shaded","section":"Shading Mode"},"sceneLighting":false,"audioPlay":false,"sceneViewState":{"showFog":true,"showMaterialUpdate":true,"showSkybox":false,"showFlares":true,"showImageEffects":true,"showParticleSystems":true},"in2DMode":false,"pivot":{"x":-0.1329011172056198,"y":1.2400777339935303,"z":0.1716088056564331},"rotation":{"x":-0.010832845233380795,"y":-0.9735404253005981,"z":0.22333161532878877,"w":-0.0472186878323555},"size":0.8941916823387146,"orthographic":false}