{"cameraMode":{"drawMode":0,"name":"Shaded","section":"Shading Mode"},"sceneLighting":false,"audioPlay":false,"sceneViewState":{"showFog":true,"showMaterialUpdate":true,"showSkybox":false,"showFlares":true,"showImageEffects":true,"showParticleSystems":true},"in2DMode":false,"pivot":{"x":0.49449557065963747,"y":1.883507490158081,"z":-2.268711566925049},"rotation":{"x":0.009823242202401162,"y":-0.9842934012413025,"z":-0.16642890870571137,"w":-0.05810542777180672},"size":4.229081153869629,"orthographic":false}