{"cameraMode":{"drawMode":0,"name":"Shaded","section":"Shading Mode"},"sceneLighting":true,"audioPlay":false,"sceneViewState":{"showFog":true,"showMaterialUpdate":true,"showSkybox":true,"showFlares":true,"showImageEffects":true,"showParticleSystems":true},"in2DMode":false,"pivot":{"x":1.6910758018493653,"y":-0.10774517059326172,"z":4.4438252449035648},"rotation":{"x":-0.1454385370016098,"y":-0.7823845148086548,"z":0.19894437491893769,"w":-0.5719850063323975},"size":10.633244514465332,"orthographic":false}