{"cameraMode":{"drawMode":0,"name":"Shaded","section":"Shading Mode"},"sceneLighting":true,"audioPlay":false,"sceneViewState":{"showFog":true,"showMaterialUpdate":true,"showSkybox":true,"showFlares":true,"showImageEffects":true,"showParticleSystems":true},"in2DMode":false,"pivot":{"x":1.435361385345459,"y":2.7467169761657717,"z":3.9369897842407228},"rotation":{"x":-0.024759439751505853,"y":-0.9752153754234314,"z":0.1517796516418457,"w":-0.15908516943454743},"size":0.6871427297592163,"orthographic":false}