{"cameraMode":{"drawMode":0,"name":"Shaded","section":"Shading Mode"},"sceneLighting":true,"audioPlay":false,"sceneViewState":{"showFog":true,"showMaterialUpdate":true,"showSkybox":true,"showFlares":true,"showImageEffects":true,"showParticleSystems":true},"in2DMode":false,"pivot":{"x":14.25361442565918,"y":-5.363916397094727,"z":12.502344131469727},"rotation":{"x":-0.06459800899028778,"y":0.927065908908844,"z":-0.3175431191921234,"w":-0.18857578933238984},"size":12.905496597290039,"orthographic":false}