{"cameraMode":{"drawMode":0,"name":"Shaded","section":"Shading Mode"},"sceneLighting":false,"audioPlay":false,"sceneViewState":{"showFog":true,"showMaterialUpdate":true,"showSkybox":false,"showFlares":true,"showImageEffects":true,"showParticleSystems":true},"in2DMode":false,"pivot":{"x":0.005519747734069824,"y":0.5925229787826538,"z":-0.08004406094551087},"rotation":{"x":-0.3361203968524933,"y":0.31063273549079897,"z":-0.11847812682390213,"w":-0.8811994791030884},"size":2.457789421081543,"orthographic":false}