{"cameraMode":{"drawMode":0,"name":"Shaded","section":"Shading Mode"},"sceneLighting":false,"audioPlay":false,"sceneViewState":{"showFog":true,"showMaterialUpdate":true,"showSkybox":false,"showFlares":true,"showImageEffects":true,"showParticleSystems":true},"in2DMode":false,"pivot":{"x":-0.00001424551010131836,"y":0.8796854019165039,"z":-0.0319586843252182},"rotation":{"x":-0.27314823865890505,"y":0.18356510996818543,"z":-0.05318202078342438,"w":-0.9427975416183472},"size":3.606269598007202,"orthographic":false}