{"cameraMode":{"drawMode":0,"name":"Shaded","section":"Shading Mode"},"sceneLighting":false,"audioPlay":false,"sceneViewState":{"showFog":true,"showMaterialUpdate":true,"showSkybox":false,"showFlares":true,"showImageEffects":true,"showParticleSystems":true},"in2DMode":false,"pivot":{"x":-0.08353228867053986,"y":1.1892106533050538,"z":0.19979389011859895},"rotation":{"x":0.011808428913354874,"y":-0.9859966039657593,"z":0.1459943801164627,"w":0.0797635093331337},"size":1.462660312652588,"orthographic":false}