{"cameraMode":{"drawMode":0,"name":"Shaded","section":"Shading Mode"},"sceneLighting":false,"audioPlay":false,"sceneViewState":{"showFog":true,"showMaterialUpdate":true,"showSkybox":false,"showFlares":true,"showImageEffects":true,"showParticleSystems":true},"in2DMode":false,"pivot":{"x":-0.6069999933242798,"y":-6.454999923706055,"z":6.361999988555908},"rotation":{"x":-0.19469265639781953,"y":0.8027974963188171,"z":-0.43233680725097659,"w":-0.3615245521068573},"size":20.6453857421875,"orthographic":false}