{"cameraMode":{"drawMode":0,"name":"Shaded","section":"Shading Mode"},"sceneLighting":true,"audioPlay":false,"sceneViewState":{"showFog":true,"showMaterialUpdate":true,"showSkybox":true,"showFlares":true,"showImageEffects":true,"showParticleSystems":true},"in2DMode":false,"pivot":{"x":20.479999542236329,"y":0.0,"z":-3.049999952316284},"rotation":{"x":-0.10845876485109329,"y":-0.06416524946689606,"z":0.007017134223133326,"w":-0.9920274615287781},"size":1.237168788909912,"orthographic":true}