{"cameraMode":{"drawMode":0,"name":"Shaded","section":"Shading Mode"},"sceneLighting":true,"audioPlay":false,"sceneViewState":{"showFog":true,"showMaterialUpdate":true,"showSkybox":true,"showFlares":true,"showImageEffects":true,"showParticleSystems":true},"in2DMode":false,"pivot":{"x":19.736780166625978,"y":1.3335381746292115,"z":-0.49416112899780276},"rotation":{"x":-0.12757177650928498,"y":0.3714439570903778,"z":-0.05147913470864296,"w":-0.9182518124580383},"size":3.2976388931274416,"orthographic":false}