{"cameraMode":{"drawMode":0,"name":"Shaded","section":"Shading Mode"},"sceneLighting":false,"audioPlay":false,"sceneViewState":{"showFog":true,"showMaterialUpdate":true,"showSkybox":false,"showFlares":true,"showImageEffects":true,"showParticleSystems":true},"in2DMode":false,"pivot":{"x":-0.00004392862319946289,"y":0.9024519920349121,"z":0.015035480260848999},"rotation":{"x":-0.3054256737232208,"y":-0.5135958790779114,"z":0.20216558873653413,"w":-0.7759284973144531},"size":3.8151514530181886,"orthographic":false}