{"cameraMode":{"drawMode":0,"name":"Shaded","section":"Shading Mode"},"sceneLighting":false,"audioPlay":false,"sceneViewState":{"showFog":true,"showMaterialUpdate":false,"showSkybox":false,"showFlares":true,"showImageEffects":true,"showParticleSystems":true},"in2DMode":false,"pivot":{"x":0.005519747734069824,"y":0.5925229787826538,"z":-0.08004406094551087},"rotation":{"x":0.3008975684642792,"y":0.046033915132284167,"z":-0.014548390172421933,"w":0.9524405002593994},"size":2.457789421081543,"orthographic":false}