{"cameraMode":{"drawMode":0,"name":"Shaded","section":"Shading Mode"},"sceneLighting":false,"audioPlay":false,"sceneViewState":{"showFog":true,"showMaterialUpdate":true,"showSkybox":false,"showFlares":true,"showImageEffects":true,"showParticleSystems":true},"in2DMode":false,"pivot":{"x":-0.07361727952957154,"y":1.2307759523391724,"z":0.39063435792922976},"rotation":{"x":0.12417057156562805,"y":-0.8094543814659119,"z":-0.5432676076889038,"w":-0.18501265347003938},"size":2.7249083518981935,"orthographic":false}