{"cameraMode":{"drawMode":0,"name":"Shaded","section":"Shading Mode"},"sceneLighting":true,"audioPlay":false,"sceneViewState":{"showFog":true,"showMaterialUpdate":true,"showSkybox":true,"showFlares":true,"showImageEffects":true,"showParticleSystems":true},"in2DMode":false,"pivot":{"x":29.331565856933595,"y":-20.943622589111329,"z":-0.6594314575195313},"rotation":{"x":-0.3842560946941376,"y":-0.4036957621574402,"z":0.19202536344528199,"w":-0.8078107833862305},"size":18.095947265625,"orthographic":false}