{"cameraMode":{"drawMode":0,"name":"Shaded","section":"Shading Mode"},"sceneLighting":false,"audioPlay":false,"sceneViewState":{"showFog":true,"showMaterialUpdate":true,"showSkybox":false,"showFlares":true,"showImageEffects":true,"showParticleSystems":true},"in2DMode":false,"pivot":{"x":0.01797652244567871,"y":0.5884984731674194,"z":-0.04384332895278931},"rotation":{"x":-0.28192275762557986,"y":-0.47245460748672488,"z":0.1626206487417221,"w":-0.8190635442733765},"size":2.451744556427002,"orthographic":false}