{"cameraMode":{"drawMode":0,"name":"Shaded","section":"Shading Mode"},"sceneLighting":true,"audioPlay":false,"sceneViewState":{"showFog":true,"showMaterialUpdate":true,"showSkybox":true,"showFlares":true,"showImageEffects":true,"showParticleSystems":true},"in2DMode":false,"pivot":{"x":17.48877716064453,"y":38.31292724609375,"z":85.55775451660156},"rotation":{"x":0.42808574438095095,"y":0.021730855107307435,"z":0.010316291823983193,"w":-0.9034405946731567},"size":24.42111587524414,"orthographic":false}