{"cameraMode":{"drawMode":0,"name":"Shaded","section":"Shading Mode"},"sceneLighting":false,"audioPlay":false,"sceneViewState":{"showFog":true,"showMaterialUpdate":true,"showSkybox":false,"showFlares":true,"showImageEffects":true,"showParticleSystems":true},"in2DMode":false,"pivot":{"x":5.663163185119629,"y":1.6426517963409424,"z":0.39351987838745119},"rotation":{"x":0.06325166672468186,"y":-0.8986393809318543,"z":-0.13811573386192323,"w":-0.4115523397922516},"size":4.229081153869629,"orthographic":false}