{"cameraMode":{"drawMode":0,"name":"Shaded","section":"Shading Mode"},"sceneLighting":false,"audioPlay":false,"sceneViewState":{"showFog":true,"showMaterialUpdate":true,"showSkybox":false,"showFlares":true,"showImageEffects":true,"showParticleSystems":true},"in2DMode":false,"pivot":{"x":4.069985866546631,"y":1.879685401916504,"z":-0.0319586843252182},"rotation":{"x":-0.017359275370836259,"y":-0.9535768032073975,"z":0.29539161920547488,"w":-0.05604312941431999},"size":3.606269359588623,"orthographic":false}