{"cameraMode":{"drawMode":0,"name":"Shaded","section":"Shading Mode"},"sceneLighting":true,"audioPlay":false,"sceneViewState":{"showFog":true,"showMaterialUpdate":true,"showSkybox":true,"showFlares":true,"showImageEffects":true,"showParticleSystems":true},"in2DMode":false,"pivot":{"x":16.925048828125,"y":0.843505859375,"z":-4.2952880859375},"rotation":{"x":-0.37734031677246096,"y":-0.36528074741363528,"z":0.16509518027305604,"w":-0.8348588943481445},"size":10.370185852050782,"orthographic":true}