{"cameraMode":{"drawMode":0,"name":"Shaded","section":"Shading Mode"},"sceneLighting":false,"audioPlay":false,"sceneViewState":{"showFog":true,"showMaterialUpdate":true,"showSkybox":false,"showFlares":true,"showImageEffects":true,"showParticleSystems":true},"in2DMode":false,"pivot":{"x":-4.282417297363281,"y":7.845015525817871,"z":-2.8964014053344728},"rotation":{"x":0.3561217486858368,"y":-0.03625813126564026,"z":0.013829332776367665,"w":0.9336444139480591},"size":4.433102130889893,"orthographic":true}