{"cameraMode":{"drawMode":0,"name":"Shaded","section":"Shading Mode"},"sceneLighting":true,"audioPlay":false,"sceneViewState":{"showFog":true,"showMaterialUpdate":true,"showSkybox":true,"showFlares":true,"showImageEffects":true,"showParticleSystems":true},"in2DMode":false,"pivot":{"x":15.079729080200196,"y":-1.6126794815063477,"z":55.043617248535159},"rotation":{"x":0.3298181891441345,"y":0.5064477920532227,"z":-0.2181079089641571,"w":0.7663182020187378},"size":3.953587055206299,"orthographic":false}