{"cameraMode":{"drawMode":0,"name":"Shaded","section":"Shading Mode"},"sceneLighting":true,"audioPlay":false,"sceneViewState":{"showFog":true,"showMaterialUpdate":true,"showSkybox":true,"showFlares":true,"showImageEffects":true,"showParticleSystems":true},"in2DMode":false,"pivot":{"x":4.270524978637695,"y":-3.5402755737304689,"z":0.3182640075683594},"rotation":{"x":0.38193899393081667,"y":-0.5245527029037476,"z":0.2837767004966736,"w":0.7060016989707947},"size":20.926700592041017,"orthographic":false}