{"cameraMode":{"drawMode":0,"name":"Shaded","section":"Shading Mode"},"sceneLighting":true,"audioPlay":false,"sceneViewState":{"showFog":true,"showMaterialUpdate":true,"showSkybox":true,"showFlares":true,"showImageEffects":true,"showParticleSystems":true},"in2DMode":false,"pivot":{"x":0.865410566329956,"y":8.996710777282715,"z":63.163612365722659},"rotation":{"x":-0.4531264007091522,"y":0.31413397192955019,"z":-0.1745043247938156,"w":-0.815839409828186},"size":3.6073946952819826,"orthographic":false}