{"cameraMode":{"drawMode":0,"name":"Shaded","section":"Shading Mode"},"sceneLighting":false,"audioPlay":false,"sceneViewState":{"showFog":true,"showMaterialUpdate":true,"showSkybox":false,"showFlares":true,"showImageEffects":true,"showParticleSystems":true},"in2DMode":false,"pivot":{"x":-1.5560003519058228,"y":1.5000001192092896,"z":-1.444000005722046},"rotation":{"x":-0.027831358835101129,"y":0.9206209182739258,"z":-0.38370683789253237,"w":-0.06675580888986588},"size":8.788336753845215,"orthographic":false}