{"cameraMode":{"drawMode":0,"name":"Shaded","section":"Shading Mode"},"sceneLighting":true,"audioPlay":false,"sceneViewState":{"showFog":true,"showMaterialUpdate":true,"showSkybox":true,"showFlares":true,"showImageEffects":true,"showParticleSystems":true},"in2DMode":false,"pivot":{"x":12.79490852355957,"y":5.00137996673584,"z":-3.651634454727173},"rotation":{"x":-0.12252628803253174,"y":-0.820469319820404,"z":0.19167514145374299,"w":-0.5244847536087036},"size":-4.135112762451172,"orthographic":false}