{"cameraMode":{"drawMode":0,"name":"Shaded","section":"Shading Mode"},"sceneLighting":false,"audioPlay":false,"sceneViewState":{"showFog":true,"showMaterialUpdate":true,"showSkybox":false,"showFlares":true,"showImageEffects":true,"showParticleSystems":true},"in2DMode":false,"pivot":{"x":1.5710251331329346,"y":1.0132503509521485,"z":-0.9856642484664917},"rotation":{"x":-0.2784046530723572,"y":-0.41976216435432436,"z":0.1370110660791397,"w":-0.8529486060142517},"size":3.8565194606781008,"orthographic":false}