{"cameraMode":{"drawMode":0,"name":"Shaded","section":"Shading Mode"},"sceneLighting":false,"audioPlay":false,"sceneViewState":{"showFog":true,"showMaterialUpdate":true,"showSkybox":false,"showFlares":true,"showImageEffects":true,"showParticleSystems":true},"in2DMode":false,"pivot":{"x":19.520374298095704,"y":0.8796854019165039,"z":-4.321072578430176},"rotation":{"x":-0.017359275370836259,"y":-0.9535768032073975,"z":0.29539161920547488,"w":-0.05604312941431999},"size":3.606271266937256,"orthographic":false}