{"cameraMode":{"drawMode":0,"name":"Shaded","section":"Shading Mode"},"sceneLighting":false,"audioPlay":false,"sceneViewState":{"showFog":true,"showMaterialUpdate":false,"showSkybox":false,"showFlares":true,"showImageEffects":true,"showParticleSystems":true},"in2DMode":false,"pivot":{"x":0.46185898780822756,"y":0.07083222270011902,"z":0.04464879631996155},"rotation":{"x":0.08847653865814209,"y":0.8991489410400391,"z":-0.21432740986347199,"w":0.371176540851593},"size":2.013244152069092,"orthographic":false}