{"cameraMode":{"drawMode":0,"name":"Shaded","section":"Shading Mode"},"sceneLighting":false,"audioPlay":false,"sceneViewState":{"showFog":true,"showMaterialUpdate":true,"showSkybox":false,"showFlares":true,"showImageEffects":true,"showParticleSystems":true},"in2DMode":false,"pivot":{"x":0.06075260043144226,"y":1.1080167293548585,"z":-0.4983781576156616},"rotation":{"x":-0.0015377446543425322,"y":-0.9723784923553467,"z":0.2333245724439621,"w":-0.0064109922386705879},"size":1.415151834487915,"orthographic":false}