{"cameraMode":{"drawMode":0,"name":"Shaded","section":"Shading Mode"},"sceneLighting":true,"audioPlay":false,"sceneViewState":{"showFog":true,"showMaterialUpdate":true,"showSkybox":true,"showFlares":true,"showImageEffects":true,"showParticleSystems":true},"in2DMode":false,"pivot":{"x":-2.4018163681030275,"y":0.7602849006652832,"z":-0.9227316379547119},"rotation":{"x":-0.32522332668304446,"y":-0.036812055855989459,"z":0.012666192837059498,"w":-0.9448672533035278},"size":9.550000190734864,"orthographic":true}