{"cameraMode":{"drawMode":0,"name":"Shaded","section":"Shading Mode"},"sceneLighting":false,"audioPlay":false,"sceneViewState":{"showFog":true,"showMaterialUpdate":true,"showSkybox":false,"showFlares":true,"showImageEffects":true,"showParticleSystems":true},"in2DMode":false,"pivot":{"x":-0.386898398399353,"y":0.8927199840545654,"z":0.022908687591552736},"rotation":{"x":-0.02183983288705349,"y":-0.9569992423057556,"z":0.07479783892631531,"w":-0.2794346809387207},"size":0.9062699675559998,"orthographic":false}