{"cameraMode":{"drawMode":0,"name":"Shaded","section":"Shading Mode"},"sceneLighting":true,"audioPlay":false,"sceneViewState":{"showFog":true,"showMaterialUpdate":true,"showSkybox":true,"showFlares":true,"showImageEffects":true,"showParticleSystems":true},"in2DMode":false,"pivot":{"x":31.946598052978517,"y":-11.078027725219727,"z":14.811824798583985},"rotation":{"x":0.22631607949733735,"y":0.2898755669593811,"z":-0.070752814412117,"w":0.9272270798683167},"size":14.570613861083985,"orthographic":false}