{"cameraMode":{"drawMode":0,"name":"Shaded","section":"Shading Mode"},"sceneLighting":true,"audioPlay":false,"sceneViewState":{"showFog":true,"showMaterialUpdate":true,"showSkybox":true,"showFlares":true,"showImageEffects":true,"showParticleSystems":true},"in2DMode":false,"pivot":{"x":20.27384376525879,"y":1.3427006006240845,"z":-2.925510883331299},"rotation":{"x":-0.09960327297449112,"y":-0.8400378227233887,"z":0.16495093703269959,"w":-0.5072095394134522},"size":10.0,"orthographic":true}