{"cameraMode":{"drawMode":0,"name":"Shaded","section":"Shading Mode"},"sceneLighting":false,"audioPlay":false,"sceneViewState":{"showFog":true,"showMaterialUpdate":true,"showSkybox":false,"showFlares":true,"showImageEffects":true,"showParticleSystems":true},"in2DMode":false,"pivot":{"x":0.24213525652885438,"y":-0.01680612564086914,"z":-0.6370844841003418},"rotation":{"x":0.0006807853351347148,"y":-0.9966879487037659,"z":0.08090870082378388,"w":0.008379441685974598},"size":1.7151517868041993,"orthographic":false}